{
    "metrics": {
        "http_req_blocked": {
            "p(90)": 4144.10029,
            "p(95)": 4848.6192,
            "avg": 2237.0219500700077,
            "min": 698.2931,
            "med": 1865.1966,
            "max": 5320.7842
        },
        "http_req_tls_handshaking": {
            "avg": 1664.1333856300053,
            "min": 507.162,
            "med": 1278.3361,
            "max": 4752.7336,
            "p(90)": 3546.67477,
            "p(95)": 4261.14873
        },
        "http_req_receiving": {
            "med": 6.00095,
            "max": 5144.0565,
            "p(90)": 112.44865000000021,
            "p(95)": 204.0056949999993,
            "avg": 39.1840873400005,
            "min": 0
        },
        "data_sent": {
            "count": 7203024,
            "rate": 398768.7934115311
        },
        "iteration_duration": {
            "max": 18014.1402,
            "p(90)": 17539.616469999997,
            "p(95)": 17642.299435,
            "avg": 13555.719485699994,
            "min": 3913.0356,
            "med": 14745.2614
        },
        "http_req_waiting": {
            "p(95)": 14278.668329999999,
            "avg": 8805.665613860025,
            "min": 756.0737,
            "med": 10324.51535,
            "max": 15750.8073,
            "p(90)": 13496.353100000002
        },
        "vus_max": {
            "value": 10000,
            "min": 1499,
            "max": 10000
        },
        "http_req_duration": {
            "avg": 8845.740561760002,
            "min": 891.1529,
            "med": 10371.505850000001,
            "max": 15750.8073,
            "p(90)": 13515.1976,
            "p(95)": 14283.384279999998
        },
        "http_req_duration{expected_response:true}": {
            "avg": 8845.740561760002,
            "min": 891.1529,
            "med": 10371.505850000001,
            "max": 15750.8073,
            "p(90)": 13515.1976,
            "p(95)": 14283.384279999998
        },
        "http_req_failed": {
            "passes": 0,
            "fails": 10000,
            "value": 0
        },
        "http_req_sending": {
            "avg": 0.8908605600000008,
            "min": 0,
            "med": 0,
            "max": 321.456,
            "p(90)": 1.0012,
            "p(95)": 1.9985
        },
        "data_received": {
            "count": 249000091,
            "rate": 13784969.458304102
        },
        "http_reqs": {
            "count": 10000,
            "rate": 553.6130289327525
        },
        "vus": {
            "value": 955,
            "min": 0,
            "max": 10000
        },
        "iterations": {
            "rate": 553.6130289327525,
            "count": 10000
        },
        "http_req_connecting": {
            "avg": 569.7771446800008,
            "min": 102.8879,
            "med": 580.31745,
            "max": 615.0182,
            "p(90)": 588.8548,
            "p(95)": 592.142
        },
        "checks": {
            "passes": 10000,
            "fails": 120000,
            "value": 0.07692307692307693
        }
    },
    "root_group": {
        "id": "d41d8cd98f00b204e9800998ecf8427e",
        "groups": {},
        "checks": {
                "200 OK": {
                    "name": "200 OK",
                    "path": "::200 OK",
                    "id": "e9654c443eff553da9e69eda7007924e",
                    "passes": 10000,
                    "fails": 0
                },
                "201 Created": {
                    "path": "::201 Created",
                    "id": "728dcd977aae263ca314731145e1d447",
                    "passes": 0,
                    "fails": 10000,
                    "name": "201 Created"
                },
                "204 No Content": {
                    "name": "204 No Content",
                    "path": "::204 No Content",
                    "id": "54fa3c2eda34e1622fda2da5e0479fc5",
                    "passes": 0,
                    "fails": 10000
                },
                "400 Bad Request": {
                    "passes": 0,
                    "fails": 10000,
                    "name": "400 Bad Request",
                    "path": "::400 Bad Request",
                    "id": "eeae81934b9b58bccaf0184a6d070338"
                },
                "401 Unauthorized": {
                    "passes": 0,
                    "fails": 10000,
                    "name": "401 Unauthorized",
                    "path": "::401 Unauthorized",
                    "id": "6ae9254e6aefe7f0bafe5102fa7e20a5"
                },
                "403 Forbidden": {
                    "path": "::403 Forbidden",
                    "id": "655548b761742c5a7ad15aa7df3a5d9c",
                    "passes": 0,
                    "fails": 10000,
                    "name": "403 Forbidden"
                },
                "404 Not Found": {
                    "fails": 10000,
                    "name": "404 Not Found",
                    "path": "::404 Not Found",
                    "id": "df1528f9925ca236bac51008f77b774a",
                    "passes": 0
                },
                "422 Unprocessable Content": {
                    "name": "422 Unprocessable Content",
                    "path": "::422 Unprocessable Content",
                    "id": "d94c37ab64a32602add978a71bd22822",
                    "passes": 0,
                    "fails": 10000
                },
                "429 Too Many Requests": {
                    "path": "::429 Too Many Requests",
                    "id": "b810c35b9499cc7342fd415032e3a6aa",
                    "passes": 0,
                    "fails": 10000,
                    "name": "429 Too Many Requests"
                },
                "500 Internal Server Error": {
                    "name": "500 Internal Server Error",
                    "path": "::500 Internal Server Error",
                    "id": "3cd96245b24e869810efe46d533b0eef",
                    "passes": 0,
                    "fails": 10000
                },
                "502 Bad Gateway": {
                    "name": "502 Bad Gateway",
                    "path": "::502 Bad Gateway",
                    "id": "712cb0ec189a11f31f0d6d0c0031b569",
                    "passes": 0,
                    "fails": 10000
                },
                "503 Service Unavailable": {
                    "id": "f1ea1a22be0dc738c385523a66ea1cd9",
                    "passes": 0,
                    "fails": 10000,
                    "name": "503 Service Unavailable",
                    "path": "::503 Service Unavailable"
                },
                "504 Gateway Timeout": {
                    "passes": 0,
                    "fails": 10000,
                    "name": "504 Gateway Timeout",
                    "path": "::504 Gateway Timeout",
                    "id": "218efb729cb654723ccd57c6ebbebe29"
                }
            },
        "name": "",
        "path": ""
    }
}