{
    "metrics": {
        "http_req_duration{expected_response:true}": {
            "avg": 17367.28774661731,
            "min": 252.6107,
            "med": 15553.8745,
            "max": 58653.1803,
            "p(90)": 34125.3406,
            "p(95)": 41310.59899
        },
        "http_req_failed": {
            "passes": 137,
            "fails": 4863,
            "value": 0.0274
        },
        "http_req_tls_handshaking": {
            "med": 716.03575,
            "max": 1873.2586,
            "p(90)": 1519.6094100000003,
            "p(95)": 1649.0724200000002,
            "avg": 833.1619728800016,
            "min": 278.604
        },
        "http_req_sending": {
            "max": 25.9993,
            "p(90)": 0.9999,
            "p(95)": 1.0016,
            "avg": 0.3279823799999999,
            "min": 0,
            "med": 0
        },
        "iteration_duration": {
            "avg": 20713.568543879985,
            "min": 1845.2807,
            "med": 18256.4586,
            "max": 61036.3274,
            "p(90)": 39692.99945,
            "p(95)": 50694.06723500001
        },
        "http_req_duration": {
            "avg": 18496.81328996001,
            "min": 252.6107,
            "med": 15936.521,
            "max": 59448.7468,
            "p(90)": 37307.27970000001,
            "p(95)": 48374.63764500001
        },
        "http_req_connecting": {
            "max": 523.2858,
            "p(90)": 438.334,
            "p(95)": 442.4431,
            "avg": 382.3654624600023,
            "min": 27.8097,
            "med": 373.1125
        },
        "http_req_receiving": {
            "min": 0,
            "med": 0,
            "max": 21.9971,
            "p(90)": 0.5096200000000001,
            "p(95)": 0.7793450000000013,
            "avg": 0.14713435999999977
        },
        "vus": {
            "value": 143,
            "min": 0,
            "max": 5000
        },
        "iterations": {
            "count": 5000,
            "rate": 81.51552011647668
        },
        "vus_max": {
            "value": 5000,
            "min": 1633,
            "max": 5000
        },
        "checks": {
            "passes": 4863,
            "fails": 60137,
            "value": 0.07481538461538462
        },
        "data_received": {
            "count": 42697328,
            "rate": 696098.9799007606
        },
        "http_reqs": {
            "rate": 81.51552011647668,
            "count": 5000
        },
        "http_req_waiting": {
            "med": 15936.521,
            "max": 59448.7468,
            "p(90)": 37307.27970000001,
            "p(95)": 48374.58778500001,
            "avg": 18496.338173220007,
            "min": 249.61
        },
        "http_req_blocked": {
            "med": 1070.4777,
            "max": 2328.8642,
            "p(90)": 1958.6836900000005,
            "p(95)": 2090.983985,
            "avg": 1216.2949391399968,
            "min": 387.3501
        },
        "data_sent": {
            "count": 3852124,
            "rate": 62801.57828263252
        }
    },
    "root_group": {
        "name": "",
        "path": "",
        "id": "d41d8cd98f00b204e9800998ecf8427e",
        "groups": {},
        "checks": {
                "200 OK": {
                    "passes": 4863,
                    "fails": 137,
                    "name": "200 OK",
                    "path": "::200 OK",
                    "id": "e9654c443eff553da9e69eda7007924e"
                },
                "201 Created": {
                    "fails": 5000,
                    "name": "201 Created",
                    "path": "::201 Created",
                    "id": "728dcd977aae263ca314731145e1d447",
                    "passes": 0
                },
                "204 No Content": {
                    "fails": 5000,
                    "name": "204 No Content",
                    "path": "::204 No Content",
                    "id": "54fa3c2eda34e1622fda2da5e0479fc5",
                    "passes": 0
                },
                "400 Bad Request": {
                    "id": "eeae81934b9b58bccaf0184a6d070338",
                    "passes": 0,
                    "fails": 5000,
                    "name": "400 Bad Request",
                    "path": "::400 Bad Request"
                },
                "401 Unauthorized": {
                    "fails": 5000,
                    "name": "401 Unauthorized",
                    "path": "::401 Unauthorized",
                    "id": "6ae9254e6aefe7f0bafe5102fa7e20a5",
                    "passes": 0
                },
                "403 Forbidden": {
                    "path": "::403 Forbidden",
                    "id": "655548b761742c5a7ad15aa7df3a5d9c",
                    "passes": 0,
                    "fails": 5000,
                    "name": "403 Forbidden"
                },
                "404 Not Found": {
                    "name": "404 Not Found",
                    "path": "::404 Not Found",
                    "id": "df1528f9925ca236bac51008f77b774a",
                    "passes": 0,
                    "fails": 5000
                },
                "422 Unprocessable Content": {
                    "name": "422 Unprocessable Content",
                    "path": "::422 Unprocessable Content",
                    "id": "d94c37ab64a32602add978a71bd22822",
                    "passes": 0,
                    "fails": 5000
                },
                "429 Too Many Requests": {
                    "fails": 5000,
                    "name": "429 Too Many Requests",
                    "path": "::429 Too Many Requests",
                    "id": "b810c35b9499cc7342fd415032e3a6aa",
                    "passes": 0
                },
                "500 Internal Server Error": {
                    "name": "500 Internal Server Error",
                    "path": "::500 Internal Server Error",
                    "id": "3cd96245b24e869810efe46d533b0eef",
                    "passes": 0,
                    "fails": 5000
                },
                "502 Bad Gateway": {
                    "name": "502 Bad Gateway",
                    "path": "::502 Bad Gateway",
                    "id": "712cb0ec189a11f31f0d6d0c0031b569",
                    "passes": 0,
                    "fails": 5000
                },
                "503 Service Unavailable": {
                    "name": "503 Service Unavailable",
                    "path": "::503 Service Unavailable",
                    "id": "f1ea1a22be0dc738c385523a66ea1cd9",
                    "passes": 0,
                    "fails": 5000
                },
                "504 Gateway Timeout": {
                    "name": "504 Gateway Timeout",
                    "path": "::504 Gateway Timeout",
                    "id": "218efb729cb654723ccd57c6ebbebe29",
                    "passes": 0,
                    "fails": 5000
                }
            }
    }
}