{
    "metrics": {
        "vus_max": {
            "value": 10000,
            "min": 1530,
            "max": 10000
        },
        "http_req_sending": {
            "min": 0,
            "med": 0,
            "max": 545.3292,
            "p(90)": 0.9942400000000001,
            "p(95)": 2.0088799999999987,
            "avg": 0.7668999599999997
        },
        "http_reqs": {
            "count": 10000,
            "rate": 577.6207316860437
        },
        "http_req_waiting": {
            "avg": 3431.4127767999903,
            "min": 0,
            "med": 3537.03275,
            "max": 7080.4769,
            "p(90)": 5712.14191,
            "p(95)": 6125.637114999996
        },
        "http_req_duration": {
            "p(95)": 6131.185059999999,
            "avg": 3432.997322499988,
            "min": 0,
            "med": 3539.07175,
            "max": 7091.9853,
            "p(90)": 5713.552920000001
        },
        "http_req_connecting": {
            "med": 2447.6714,
            "max": 3633.0762,
            "p(90)": 3088.34048,
            "p(95)": 3157.71357,
            "avg": 2296.4606720200068,
            "min": 412.5398
        },
        "checks": {
            "passes": 10000,
            "fails": 120000,
            "value": 0.07692307692307693
        },
        "http_req_blocked": {
            "max": 9613.3829,
            "p(90)": 8239.2141,
            "p(95)": 8489.167594999999,
            "avg": 5381.982213070011,
            "min": 943.6981,
            "med": 4593.7195
        },
        "http_req_tls_handshaking": {
            "p(95)": 3326.9245,
            "avg": 2050.590225760002,
            "min": 364.8903,
            "med": 1916.663,
            "max": 4049.0947,
            "p(90)": 3212.2137
        },
        "data_received": {
            "count": 54695996,
            "rate": 3159354.1229816917
        },
        "data_sent": {
            "count": 17960000,
            "rate": 1037406.8341081344
        },
        "iteration_duration": {
            "med": 9813.4105,
            "max": 16182.8741,
            "p(90)": 14063.45511,
            "p(95)": 14714.211554999998,
            "avg": 9862.042313610007,
            "min": 3938.3528
        },
        "iterations": {
            "count": 10000,
            "rate": 577.6207316860437
        },
        "http_req_failed": {
            "passes": 0,
            "fails": 10000,
            "value": 0
        },
        "http_req_duration{expected_response:true}": {
            "avg": 3432.997322499988,
            "min": 0,
            "med": 3539.07175,
            "max": 7091.9853,
            "p(90)": 5713.552920000001,
            "p(95)": 6131.185059999999
        },
        "http_req_receiving": {
            "avg": 0.8176457399999983,
            "min": 0,
            "med": 0,
            "max": 72.3016,
            "p(90)": 0.5889,
            "p(95)": 6.6488499999999675
        },
        "vus": {
            "value": 96,
            "min": 0,
            "max": 10000
        }
    },
    "root_group": {
        "name": "",
        "path": "",
        "id": "d41d8cd98f00b204e9800998ecf8427e",
        "groups": {},
        "checks": {
                "200 OK": {
                    "name": "200 OK",
                    "path": "::200 OK",
                    "id": "e9654c443eff553da9e69eda7007924e",
                    "passes": 10000,
                    "fails": 0
                },
                "201 Created": {
                    "name": "201 Created",
                    "path": "::201 Created",
                    "id": "728dcd977aae263ca314731145e1d447",
                    "passes": 0,
                    "fails": 10000
                },
                "204 No Content": {
                    "path": "::204 No Content",
                    "id": "54fa3c2eda34e1622fda2da5e0479fc5",
                    "passes": 0,
                    "fails": 10000,
                    "name": "204 No Content"
                },
                "400 Bad Request": {
                    "name": "400 Bad Request",
                    "path": "::400 Bad Request",
                    "id": "eeae81934b9b58bccaf0184a6d070338",
                    "passes": 0,
                    "fails": 10000
                },
                "401 Unauthorized": {
                    "id": "6ae9254e6aefe7f0bafe5102fa7e20a5",
                    "passes": 0,
                    "fails": 10000,
                    "name": "401 Unauthorized",
                    "path": "::401 Unauthorized"
                },
                "403 Forbidden": {
                    "fails": 10000,
                    "name": "403 Forbidden",
                    "path": "::403 Forbidden",
                    "id": "655548b761742c5a7ad15aa7df3a5d9c",
                    "passes": 0
                },
                "404 Not Found": {
                    "path": "::404 Not Found",
                    "id": "df1528f9925ca236bac51008f77b774a",
                    "passes": 0,
                    "fails": 10000,
                    "name": "404 Not Found"
                },
                "422 Unprocessable Content": {
                    "name": "422 Unprocessable Content",
                    "path": "::422 Unprocessable Content",
                    "id": "d94c37ab64a32602add978a71bd22822",
                    "passes": 0,
                    "fails": 10000
                },
                "429 Too Many Requests": {
                    "fails": 10000,
                    "name": "429 Too Many Requests",
                    "path": "::429 Too Many Requests",
                    "id": "b810c35b9499cc7342fd415032e3a6aa",
                    "passes": 0
                },
                "500 Internal Server Error": {
                    "fails": 10000,
                    "name": "500 Internal Server Error",
                    "path": "::500 Internal Server Error",
                    "id": "3cd96245b24e869810efe46d533b0eef",
                    "passes": 0
                },
                "502 Bad Gateway": {
                    "name": "502 Bad Gateway",
                    "path": "::502 Bad Gateway",
                    "id": "712cb0ec189a11f31f0d6d0c0031b569",
                    "passes": 0,
                    "fails": 10000
                },
                "503 Service Unavailable": {
                    "passes": 0,
                    "fails": 10000,
                    "name": "503 Service Unavailable",
                    "path": "::503 Service Unavailable",
                    "id": "f1ea1a22be0dc738c385523a66ea1cd9"
                },
                "504 Gateway Timeout": {
                    "path": "::504 Gateway Timeout",
                    "id": "218efb729cb654723ccd57c6ebbebe29",
                    "passes": 0,
                    "fails": 10000,
                    "name": "504 Gateway Timeout"
                }
            }
    }
}