{
    "metrics": {
        "http_req_tls_handshaking": {
            "max": 1702.4569,
            "p(90)": 1336.0119100000002,
            "p(95)": 1449.171515,
            "avg": 742.8664314199988,
            "min": 198.696,
            "med": 654.9585999999999
        },
        "http_reqs": {
            "count": 5000,
            "rate": 77.72198068424113
        },
        "http_req_sending": {
            "min": 0,
            "med": 0,
            "max": 13.0057,
            "p(90)": 1.0004,
            "p(95)": 1.0033,
            "avg": 0.3598276199999997
        },
        "data_sent": {
            "count": 9207988,
            "rate": 143132.61309534483
        },
        "vus_max": {
            "value": 5000,
            "min": 1469,
            "max": 5000
        },
        "http_req_duration": {
            "avg": 57793.19450781995,
            "min": 682.0458,
            "med": 59061.3509,
            "max": 59706.2614,
            "p(90)": 59354.37728,
            "p(95)": 59389.9281
        },
        "http_req_receiving": {
            "med": 0,
            "max": 11.5697,
            "p(90)": 0,
            "p(95)": 0,
            "avg": 0.022389859999999998,
            "min": 0
        },
        "iterations": {
            "count": 5000,
            "rate": 77.72198068424113
        },
        "checks": {
            "passes": 231,
            "fails": 64769,
            "value": 0.003553846153846154
        },
        "iteration_duration": {
            "med": 62496.5448,
            "max": 64236.406,
            "p(90)": 63875.91206,
            "p(95)": 63938.797399999996,
            "avg": 61289.50980683987,
            "min": 1981.0118
        },
        "data_received": {
            "count": 23073970,
            "rate": 358670.93012975185
        },
        "http_req_duration{expected_response:true}": {
            "p(95)": 56189.062025,
            "avg": 29876.74034947369,
            "min": 682.0458,
            "med": 30127.090300000003,
            "max": 59172.8399,
            "p(90)": 53260.824160000004
        },
        "http_req_connecting": {
            "min": 37.1009,
            "med": 253.0921,
            "max": 778.2527,
            "p(90)": 318.4337,
            "p(95)": 327.30742499999997,
            "avg": 266.4446850200023
        },
        "http_req_waiting": {
            "p(90)": 59353.973540000006,
            "p(95)": 59389.9281,
            "avg": 57792.8122903399,
            "min": 678.0464,
            "med": 59061.320649999994,
            "max": 59706.0437
        },
        "vus": {
            "value": 682,
            "min": 0,
            "max": 5000
        },
        "http_req_failed": {
            "passes": 4810,
            "fails": 190,
            "value": 0.962
        },
        "http_req_blocked": {
            "max": 2024.7705,
            "p(90)": 1641.62319,
            "p(95)": 1762.271675,
            "avg": 1009.918159879999,
            "min": 292.8165,
            "med": 902.2634
        }
    },
    "root_group": {
        "name": "",
        "path": "",
        "id": "d41d8cd98f00b204e9800998ecf8427e",
        "groups": {},
        "checks": {
                "200 OK": {
                    "name": "200 OK",
                    "path": "::200 OK",
                    "id": "e9654c443eff553da9e69eda7007924e",
                    "passes": 190,
                    "fails": 4810
                },
                "201 Created": {
                    "fails": 5000,
                    "name": "201 Created",
                    "path": "::201 Created",
                    "id": "728dcd977aae263ca314731145e1d447",
                    "passes": 0
                },
                "204 No Content": {
                    "name": "204 No Content",
                    "path": "::204 No Content",
                    "id": "54fa3c2eda34e1622fda2da5e0479fc5",
                    "passes": 0,
                    "fails": 5000
                },
                "400 Bad Request": {
                    "name": "400 Bad Request",
                    "path": "::400 Bad Request",
                    "id": "eeae81934b9b58bccaf0184a6d070338",
                    "passes": 41,
                    "fails": 4959
                },
                "401 Unauthorized": {
                    "passes": 0,
                    "fails": 5000,
                    "name": "401 Unauthorized",
                    "path": "::401 Unauthorized",
                    "id": "6ae9254e6aefe7f0bafe5102fa7e20a5"
                },
                "403 Forbidden": {
                    "id": "655548b761742c5a7ad15aa7df3a5d9c",
                    "passes": 0,
                    "fails": 5000,
                    "name": "403 Forbidden",
                    "path": "::403 Forbidden"
                },
                "404 Not Found": {
                    "name": "404 Not Found",
                    "path": "::404 Not Found",
                    "id": "df1528f9925ca236bac51008f77b774a",
                    "passes": 0,
                    "fails": 5000
                },
                "422 Unprocessable Content": {
                    "name": "422 Unprocessable Content",
                    "path": "::422 Unprocessable Content",
                    "id": "d94c37ab64a32602add978a71bd22822",
                    "passes": 0,
                    "fails": 5000
                },
                "429 Too Many Requests": {
                    "name": "429 Too Many Requests",
                    "path": "::429 Too Many Requests",
                    "id": "b810c35b9499cc7342fd415032e3a6aa",
                    "passes": 0,
                    "fails": 5000
                },
                "500 Internal Server Error": {
                    "path": "::500 Internal Server Error",
                    "id": "3cd96245b24e869810efe46d533b0eef",
                    "passes": 0,
                    "fails": 5000,
                    "name": "500 Internal Server Error"
                },
                "502 Bad Gateway": {
                    "id": "712cb0ec189a11f31f0d6d0c0031b569",
                    "passes": 0,
                    "fails": 5000,
                    "name": "502 Bad Gateway",
                    "path": "::502 Bad Gateway"
                },
                "503 Service Unavailable": {
                    "name": "503 Service Unavailable",
                    "path": "::503 Service Unavailable",
                    "id": "f1ea1a22be0dc738c385523a66ea1cd9",
                    "passes": 0,
                    "fails": 5000
                },
                "504 Gateway Timeout": {
                    "id": "218efb729cb654723ccd57c6ebbebe29",
                    "passes": 0,
                    "fails": 5000,
                    "name": "504 Gateway Timeout",
                    "path": "::504 Gateway Timeout"
                }
            }
    }
}