{
    "metrics": {
        "http_req_waiting": {
            "p(95)": 59238.17443000001,
            "avg": 56825.30444836,
            "min": 787.4207,
            "med": 58636.517,
            "max": 59514.9555,
            "p(90)": 59196.27319
        },
        "http_req_receiving": {
            "med": 0,
            "max": 18.2876,
            "p(90)": 0,
            "p(95)": 0,
            "avg": 0.007801959999999999,
            "min": 0
        },
        "http_req_sending": {
            "avg": 0.5817940600000007,
            "min": 0,
            "med": 0,
            "max": 510.5209,
            "p(90)": 1.0013,
            "p(95)": 1.0111100000000002
        },
        "http_req_duration{expected_response:true}": {
            "avg": 29360.0533793313,
            "min": 805.7083,
            "med": 29590.7589,
            "max": 58550.7313,
            "p(90)": 53367.36034,
            "p(95)": 55726.975699999995
        },
        "http_req_connecting": {
            "med": 492.54505,
            "max": 548.8381,
            "p(90)": 534.83506,
            "p(95)": 539.841105,
            "avg": 469.1658144799975,
            "min": 66.0008
        },
        "vus_max": {
            "value": 5000,
            "min": 1475,
            "max": 5000
        },
        "http_req_blocked": {
            "avg": 1217.4299075200004,
            "min": 307.0058,
            "med": 1096.6856,
            "max": 1985.3814,
            "p(90)": 1774.3411700000001,
            "p(95)": 1837.7353500000002
        },
        "iterations": {
            "count": 5000,
            "rate": 77.91088603341753
        },
        "http_req_tls_handshaking": {
            "avg": 747.1340599599991,
            "min": 39.0075,
            "med": 650.4608000000001,
            "max": 1585.5484,
            "p(90)": 1295.02937,
            "p(95)": 1402.781965
        },
        "data_sent": {
            "rate": 143401.09395796998,
            "count": 9202892
        },
        "data_received": {
            "count": 23168396,
            "rate": 361014.0520666173
        },
        "http_req_failed": {
            "passes": 4671,
            "fails": 329,
            "value": 0.9342
        },
        "iteration_duration": {
            "max": 64001.6006,
            "p(90)": 63406.661,
            "p(95)": 63491.5264,
            "avg": 60397.25618170012,
            "min": 2346.8444,
            "med": 62426.6217
        },
        "http_req_duration": {
            "min": 805.7083,
            "med": 58637.506550000006,
            "max": 59515.9585,
            "p(90)": 59196.532,
            "p(95)": 59239.1269,
            "avg": 56825.89404437995
        },
        "http_reqs": {
            "count": 5000,
            "rate": 77.91088603341753
        },
        "checks": {
            "passes": 329,
            "fails": 64671,
            "value": 0.005061538461538462
        },
        "vus": {
            "value": 1262,
            "min": 0,
            "max": 5000
        }
    },
    "root_group": {
        "path": "",
        "id": "d41d8cd98f00b204e9800998ecf8427e",
        "groups": {},
        "checks": {
                "200 OK": {
                    "id": "e9654c443eff553da9e69eda7007924e",
                    "passes": 329,
                    "fails": 4671,
                    "name": "200 OK",
                    "path": "::200 OK"
                },
                "201 Created": {
                    "path": "::201 Created",
                    "id": "728dcd977aae263ca314731145e1d447",
                    "passes": 0,
                    "fails": 5000,
                    "name": "201 Created"
                },
                "204 No Content": {
                    "id": "54fa3c2eda34e1622fda2da5e0479fc5",
                    "passes": 0,
                    "fails": 5000,
                    "name": "204 No Content",
                    "path": "::204 No Content"
                },
                "400 Bad Request": {
                    "name": "400 Bad Request",
                    "path": "::400 Bad Request",
                    "id": "eeae81934b9b58bccaf0184a6d070338",
                    "passes": 0,
                    "fails": 5000
                },
                "401 Unauthorized": {
                    "name": "401 Unauthorized",
                    "path": "::401 Unauthorized",
                    "id": "6ae9254e6aefe7f0bafe5102fa7e20a5",
                    "passes": 0,
                    "fails": 5000
                },
                "403 Forbidden": {
                    "name": "403 Forbidden",
                    "path": "::403 Forbidden",
                    "id": "655548b761742c5a7ad15aa7df3a5d9c",
                    "passes": 0,
                    "fails": 5000
                },
                "404 Not Found": {
                    "id": "df1528f9925ca236bac51008f77b774a",
                    "passes": 0,
                    "fails": 5000,
                    "name": "404 Not Found",
                    "path": "::404 Not Found"
                },
                "422 Unprocessable Content": {
                    "name": "422 Unprocessable Content",
                    "path": "::422 Unprocessable Content",
                    "id": "d94c37ab64a32602add978a71bd22822",
                    "passes": 0,
                    "fails": 5000
                },
                "429 Too Many Requests": {
                    "name": "429 Too Many Requests",
                    "path": "::429 Too Many Requests",
                    "id": "b810c35b9499cc7342fd415032e3a6aa",
                    "passes": 0,
                    "fails": 5000
                },
                "500 Internal Server Error": {
                    "fails": 5000,
                    "name": "500 Internal Server Error",
                    "path": "::500 Internal Server Error",
                    "id": "3cd96245b24e869810efe46d533b0eef",
                    "passes": 0
                },
                "502 Bad Gateway": {
                    "name": "502 Bad Gateway",
                    "path": "::502 Bad Gateway",
                    "id": "712cb0ec189a11f31f0d6d0c0031b569",
                    "passes": 0,
                    "fails": 5000
                },
                "503 Service Unavailable": {
                    "id": "f1ea1a22be0dc738c385523a66ea1cd9",
                    "passes": 0,
                    "fails": 5000,
                    "name": "503 Service Unavailable",
                    "path": "::503 Service Unavailable"
                },
                "504 Gateway Timeout": {
                    "name": "504 Gateway Timeout",
                    "path": "::504 Gateway Timeout",
                    "id": "218efb729cb654723ccd57c6ebbebe29",
                    "passes": 0,
                    "fails": 5000
                }
            },
        "name": ""
    }
}