{
    "metrics": {
        "http_req_duration{expected_response:true}": {
            "avg": 1588.546271142282,
            "min": 47.0022,
            "med": 1431.2099,
            "max": 3584.4662,
            "p(90)": 3062.5463900000004,
            "p(95)": 3148.3232449999996
        },
        "http_req_tls_handshaking": {
            "max": 377.1863,
            "p(90)": 331.88015,
            "p(95)": 351.814415,
            "avg": 158.781126,
            "min": 13.996,
            "med": 139.0029
        },
        "http_req_sending": {
            "p(90)": 0.5676700000000001,
            "p(95)": 0.99981,
            "avg": 0.15285259999999995,
            "min": 0,
            "med": 0,
            "max": 4.6079
        },
        "vus_max": {
            "value": 1000,
            "min": 1000,
            "max": 1000
        },
        "iteration_duration": {
            "p(95)": 4354.41793,
            "avg": 2802.1857474999956,
            "min": 1146.6675,
            "med": 2540.1185,
            "max": 4979.0185,
            "p(90)": 4329.45388
        },
        "http_req_connecting": {
            "p(95)": 62.7139,
            "avg": 51.67231669999999,
            "min": 36.7362,
            "med": 53.713,
            "max": 64.7133,
            "p(90)": 61.8142
        },
        "vus": {
            "value": 136,
            "min": 136,
            "max": 1000
        },
        "data_sent": {
            "count": 769152,
            "rate": 153516.39449636923
        },
        "data_received": {
            "count": 24861361,
            "rate": 4962122.575242149
        },
        "http_req_duration": {
            "avg": 1590.2923218999974,
            "min": 47.0022,
            "med": 1431.3833,
            "max": 3584.4662,
            "p(90)": 3061.31953,
            "p(95)": 3147.9392149999994
        },
        "http_req_failed": {
            "passes": 2,
            "fails": 998,
            "value": 0.002
        },
        "http_req_receiving": {
            "avg": 3.0322554000000004,
            "min": 0,
            "med": 2.91535,
            "max": 24.3864,
            "p(90)": 3.6872600000000006,
            "p(95)": 4.241565
        },
        "iterations": {
            "count": 1000,
            "rate": 199.59175104058656
        },
        "http_req_blocked": {
            "p(95)": 413.99961,
            "avg": 210.9911217,
            "min": 63.004,
            "med": 183.42714999999998,
            "max": 440.9514,
            "p(90)": 392.33871
        },
        "http_req_waiting": {
            "p(95)": 3143.152945,
            "avg": 1587.1072138999994,
            "min": 45.0017,
            "med": 1428.30795,
            "max": 3580.9318,
            "p(90)": 3057.85443
        },
        "http_reqs": {
            "count": 1000,
            "rate": 199.59175104058656
        },
        "checks": {
            "passes": 1000,
            "fails": 12000,
            "value": 0.07692307692307693
        }
    },
    "root_group": {
        "name": "",
        "path": "",
        "id": "d41d8cd98f00b204e9800998ecf8427e",
        "groups": {},
        "checks": {
                "200 OK": {
                    "path": "::200 OK",
                    "id": "e9654c443eff553da9e69eda7007924e",
                    "passes": 998,
                    "fails": 2,
                    "name": "200 OK"
                },
                "201 Created": {
                    "id": "728dcd977aae263ca314731145e1d447",
                    "passes": 0,
                    "fails": 1000,
                    "name": "201 Created",
                    "path": "::201 Created"
                },
                "204 No Content": {
                    "id": "54fa3c2eda34e1622fda2da5e0479fc5",
                    "passes": 0,
                    "fails": 1000,
                    "name": "204 No Content",
                    "path": "::204 No Content"
                },
                "400 Bad Request": {
                    "fails": 1000,
                    "name": "400 Bad Request",
                    "path": "::400 Bad Request",
                    "id": "eeae81934b9b58bccaf0184a6d070338",
                    "passes": 0
                },
                "401 Unauthorized": {
                    "name": "401 Unauthorized",
                    "path": "::401 Unauthorized",
                    "id": "6ae9254e6aefe7f0bafe5102fa7e20a5",
                    "passes": 0,
                    "fails": 1000
                },
                "403 Forbidden": {
                    "name": "403 Forbidden",
                    "path": "::403 Forbidden",
                    "id": "655548b761742c5a7ad15aa7df3a5d9c",
                    "passes": 0,
                    "fails": 1000
                },
                "404 Not Found": {
                    "name": "404 Not Found",
                    "path": "::404 Not Found",
                    "id": "df1528f9925ca236bac51008f77b774a",
                    "passes": 2,
                    "fails": 998
                },
                "422 Unprocessable Content": {
                    "name": "422 Unprocessable Content",
                    "path": "::422 Unprocessable Content",
                    "id": "d94c37ab64a32602add978a71bd22822",
                    "passes": 0,
                    "fails": 1000
                },
                "429 Too Many Requests": {
                    "name": "429 Too Many Requests",
                    "path": "::429 Too Many Requests",
                    "id": "b810c35b9499cc7342fd415032e3a6aa",
                    "passes": 0,
                    "fails": 1000
                },
                "500 Internal Server Error": {
                    "name": "500 Internal Server Error",
                    "path": "::500 Internal Server Error",
                    "id": "3cd96245b24e869810efe46d533b0eef",
                    "passes": 0,
                    "fails": 1000
                },
                "502 Bad Gateway": {
                    "path": "::502 Bad Gateway",
                    "id": "712cb0ec189a11f31f0d6d0c0031b569",
                    "passes": 0,
                    "fails": 1000,
                    "name": "502 Bad Gateway"
                },
                "503 Service Unavailable": {
                    "name": "503 Service Unavailable",
                    "path": "::503 Service Unavailable",
                    "id": "f1ea1a22be0dc738c385523a66ea1cd9",
                    "passes": 0,
                    "fails": 1000
                },
                "504 Gateway Timeout": {
                    "id": "218efb729cb654723ccd57c6ebbebe29",
                    "passes": 0,
                    "fails": 1000,
                    "name": "504 Gateway Timeout",
                    "path": "::504 Gateway Timeout"
                }
            }
    }
}