{
    "metrics": {
        "http_req_connecting": {
            "max": 506.9458,
            "p(90)": 487.6457,
            "p(95)": 490.5375,
            "avg": 434.7642223200007,
            "min": 26.0055,
            "med": 436.39485
        },
        "http_req_receiving": {
            "max": 29.8114,
            "p(90)": 0.6000900000000022,
            "p(95)": 1.1058,
            "avg": 0.28771417999999976,
            "min": 0,
            "med": 0
        },
        "http_reqs": {
            "count": 5000,
            "rate": 158.5408528989287
        },
        "data_received": {
            "count": 25351489,
            "rate": 803849.3376635618
        },
        "vus": {
            "value": 55,
            "min": 0,
            "max": 5000
        },
        "iteration_duration": {
            "med": 3705.6373999999996,
            "max": 31427.6937,
            "p(90)": 5464.292360000001,
            "p(95)": 6164.573555,
            "avg": 4129.681425399993,
            "min": 1559.0909
        },
        "vus_max": {
            "value": 5000,
            "min": 1581,
            "max": 5000
        },
        "http_req_failed": {
            "passes": 57,
            "fails": 4943,
            "value": 0.0114
        },
        "http_req_blocked": {
            "p(95)": 1480.06023,
            "avg": 995.3637700400027,
            "min": 433.2819,
            "med": 939.19615,
            "max": 1571.4626,
            "p(90)": 1419.36967
        },
        "http_req_sending": {
            "min": 0,
            "med": 0,
            "max": 26.9992,
            "p(90)": 1.0005,
            "p(95)": 1.0025,
            "avg": 0.3321183800000007
        },
        "http_req_duration{expected_response:true}": {
            "p(90)": 3293.18188,
            "p(95)": 3941.16594,
            "avg": 1823.8640642524792,
            "min": 11.003,
            "med": 1663.7628,
            "max": 6065.7431
        },
        "http_req_waiting": {
            "max": 29411.1217,
            "p(90)": 3346.5163900000002,
            "p(95)": 4094.1431950000006,
            "avg": 2132.751251560003,
            "min": 10.0017,
            "med": 1677.77515
        },
        "checks": {
            "passes": 5000,
            "fails": 60000,
            "value": 0.07692307692307693
        },
        "http_req_duration": {
            "p(95)": 4094.1431950000006,
            "avg": 2133.3710841200004,
            "min": 11.003,
            "med": 1678.41905,
            "max": 29412.6609,
            "p(90)": 3346.5163900000002
        },
        "data_sent": {
            "count": 11115000,
            "rate": 352436.3159943185
        },
        "http_req_tls_handshaking": {
            "avg": 559.7968497199989,
            "min": 6.0059,
            "med": 502.86185,
            "max": 1158.6172,
            "p(90)": 929.4280100000001,
            "p(95)": 1035.2372050000001
        },
        "iterations": {
            "count": 5000,
            "rate": 158.5408528989287
        }
    },
    "root_group": {
        "name": "",
        "path": "",
        "id": "d41d8cd98f00b204e9800998ecf8427e",
        "groups": {},
        "checks": {
                "200 OK": {
                    "name": "200 OK",
                    "path": "::200 OK",
                    "id": "e9654c443eff553da9e69eda7007924e",
                    "passes": 4943,
                    "fails": 57
                },
                "201 Created": {
                    "name": "201 Created",
                    "path": "::201 Created",
                    "id": "728dcd977aae263ca314731145e1d447",
                    "passes": 0,
                    "fails": 5000
                },
                "204 No Content": {
                    "name": "204 No Content",
                    "path": "::204 No Content",
                    "id": "54fa3c2eda34e1622fda2da5e0479fc5",
                    "passes": 0,
                    "fails": 5000
                },
                "400 Bad Request": {
                    "path": "::400 Bad Request",
                    "id": "eeae81934b9b58bccaf0184a6d070338",
                    "passes": 0,
                    "fails": 5000,
                    "name": "400 Bad Request"
                },
                "401 Unauthorized": {
                    "path": "::401 Unauthorized",
                    "id": "6ae9254e6aefe7f0bafe5102fa7e20a5",
                    "passes": 0,
                    "fails": 5000,
                    "name": "401 Unauthorized"
                },
                "403 Forbidden": {
                    "name": "403 Forbidden",
                    "path": "::403 Forbidden",
                    "id": "655548b761742c5a7ad15aa7df3a5d9c",
                    "passes": 0,
                    "fails": 5000
                },
                "404 Not Found": {
                    "name": "404 Not Found",
                    "path": "::404 Not Found",
                    "id": "df1528f9925ca236bac51008f77b774a",
                    "passes": 0,
                    "fails": 5000
                },
                "422 Unprocessable Content": {
                    "path": "::422 Unprocessable Content",
                    "id": "d94c37ab64a32602add978a71bd22822",
                    "passes": 0,
                    "fails": 5000,
                    "name": "422 Unprocessable Content"
                },
                "429 Too Many Requests": {
                    "name": "429 Too Many Requests",
                    "path": "::429 Too Many Requests",
                    "id": "b810c35b9499cc7342fd415032e3a6aa",
                    "passes": 0,
                    "fails": 5000
                },
                "500 Internal Server Error": {
                    "fails": 4943,
                    "name": "500 Internal Server Error",
                    "path": "::500 Internal Server Error",
                    "id": "3cd96245b24e869810efe46d533b0eef",
                    "passes": 57
                },
                "502 Bad Gateway": {
                    "id": "712cb0ec189a11f31f0d6d0c0031b569",
                    "passes": 0,
                    "fails": 5000,
                    "name": "502 Bad Gateway",
                    "path": "::502 Bad Gateway"
                },
                "503 Service Unavailable": {
                    "fails": 5000,
                    "name": "503 Service Unavailable",
                    "path": "::503 Service Unavailable",
                    "id": "f1ea1a22be0dc738c385523a66ea1cd9",
                    "passes": 0
                },
                "504 Gateway Timeout": {
                    "path": "::504 Gateway Timeout",
                    "id": "218efb729cb654723ccd57c6ebbebe29",
                    "passes": 0,
                    "fails": 5000,
                    "name": "504 Gateway Timeout"
                }
            }
    }
}