{
    "metrics": {
        "data_sent": {
            "count": 7792196,
            "rate": 124562.55496771957
        },
        "http_req_blocked": {
            "avg": 2716.797988909991,
            "min": 1770.9229,
            "med": 2577.3002,
            "max": 3846.6564,
            "p(90)": 3420.2414900000003,
            "p(95)": 3573.6738799999985
        },
        "http_req_tls_handshaking": {
            "med": 1403.3919,
            "max": 2532.7322,
            "p(90)": 1943.2793700000002,
            "p(95)": 2157.4632,
            "avg": 1441.3061774400005,
            "min": 862.5912
        },
        "vus_max": {
            "value": 10000,
            "min": 1493,
            "max": 10000
        },
        "http_req_duration": {
            "avg": 34553.68158500996,
            "min": 843.6116,
            "med": 30111.273,
            "max": 58264.6213,
            "p(90)": 57477.9947,
            "p(95)": 57631.04930499999
        },
        "http_req_sending": {
            "max": 116.1026,
            "p(90)": 1.0007,
            "p(95)": 1.9969,
            "avg": 1.189667489999999,
            "min": 0,
            "med": 0
        },
        "http_req_failed": {
            "passes": 7668,
            "fails": 2332,
            "value": 0.7668
        },
        "checks": {
            "passes": 8227,
            "fails": 121773,
            "value": 0.06328461538461538
        },
        "vus": {
            "value": 133,
            "min": 0,
            "max": 10000
        },
        "http_req_receiving": {
            "avg": 0.15792234000000002,
            "min": 0,
            "med": 0,
            "max": 111.0001,
            "p(90)": 0.13756000000000024,
            "p(95)": 0.5444
        },
        "http_req_connecting": {
            "p(90)": 1525.11021,
            "p(95)": 1542.107105,
            "avg": 1272.3337308799976,
            "min": 218.9157,
            "med": 1418.6799,
            "max": 1777.8428
        },
        "http_req_waiting": {
            "med": 30110.27275,
            "max": 58185.7141,
            "p(90)": 57477.78529,
            "p(95)": 57631.0416,
            "avg": 34552.33399517992,
            "min": 841.0868
        },
        "iteration_duration": {
            "p(95)": 61613.24379,
            "avg": 38376.96403500006,
            "min": 4404.7388,
            "med": 33771.5513,
            "max": 62059.0509,
            "p(90)": 61484.3502
        },
        "http_reqs": {
            "count": 10000,
            "rate": 159.85552078992825
        },
        "iterations": {
            "count": 10000,
            "rate": 159.85552078992825
        },
        "data_received": {
            "count": 56738406,
            "rate": 906994.7439920389
        },
        "http_req_duration{expected_response:true}": {
            "med": 36915.3695,
            "max": 57627.61,
            "p(90)": 54322.87996,
            "p(95)": 55452.82818,
            "avg": 36160.85966569468,
            "min": 7790.9088
        }
    },
    "root_group": {
        "path": "",
        "id": "d41d8cd98f00b204e9800998ecf8427e",
        "groups": {},
        "checks": {
                "200 OK": {
                    "path": "::200 OK",
                    "id": "e9654c443eff553da9e69eda7007924e",
                    "passes": 2332,
                    "fails": 7668,
                    "name": "200 OK"
                },
                "201 Created": {
                    "fails": 10000,
                    "name": "201 Created",
                    "path": "::201 Created",
                    "id": "728dcd977aae263ca314731145e1d447",
                    "passes": 0
                },
                "204 No Content": {
                    "name": "204 No Content",
                    "path": "::204 No Content",
                    "id": "54fa3c2eda34e1622fda2da5e0479fc5",
                    "passes": 0,
                    "fails": 10000
                },
                "400 Bad Request": {
                    "name": "400 Bad Request",
                    "path": "::400 Bad Request",
                    "id": "eeae81934b9b58bccaf0184a6d070338",
                    "passes": 0,
                    "fails": 10000
                },
                "401 Unauthorized": {
                    "name": "401 Unauthorized",
                    "path": "::401 Unauthorized",
                    "id": "6ae9254e6aefe7f0bafe5102fa7e20a5",
                    "passes": 5761,
                    "fails": 4239
                },
                "403 Forbidden": {
                    "path": "::403 Forbidden",
                    "id": "655548b761742c5a7ad15aa7df3a5d9c",
                    "passes": 0,
                    "fails": 10000,
                    "name": "403 Forbidden"
                },
                "404 Not Found": {
                    "name": "404 Not Found",
                    "path": "::404 Not Found",
                    "id": "df1528f9925ca236bac51008f77b774a",
                    "passes": 0,
                    "fails": 10000
                },
                "422 Unprocessable Content": {
                    "name": "422 Unprocessable Content",
                    "path": "::422 Unprocessable Content",
                    "id": "d94c37ab64a32602add978a71bd22822",
                    "passes": 0,
                    "fails": 10000
                },
                "429 Too Many Requests": {
                    "name": "429 Too Many Requests",
                    "path": "::429 Too Many Requests",
                    "id": "b810c35b9499cc7342fd415032e3a6aa",
                    "passes": 0,
                    "fails": 10000
                },
                "500 Internal Server Error": {
                    "name": "500 Internal Server Error",
                    "path": "::500 Internal Server Error",
                    "id": "3cd96245b24e869810efe46d533b0eef",
                    "passes": 134,
                    "fails": 9866
                },
                "502 Bad Gateway": {
                    "name": "502 Bad Gateway",
                    "path": "::502 Bad Gateway",
                    "id": "712cb0ec189a11f31f0d6d0c0031b569",
                    "passes": 0,
                    "fails": 10000
                },
                "503 Service Unavailable": {
                    "path": "::503 Service Unavailable",
                    "id": "f1ea1a22be0dc738c385523a66ea1cd9",
                    "passes": 0,
                    "fails": 10000,
                    "name": "503 Service Unavailable"
                },
                "504 Gateway Timeout": {
                    "name": "504 Gateway Timeout",
                    "path": "::504 Gateway Timeout",
                    "id": "218efb729cb654723ccd57c6ebbebe29",
                    "passes": 0,
                    "fails": 10000
                }
            },
        "name": ""
    }
}