{
    "metrics": {
        "http_req_connecting": {
            "p(95)": 14528.601545,
            "avg": 3072.35720400999,
            "min": 39.6491,
            "med": 1925.8254499999998,
            "max": 16032.2507,
            "p(90)": 6211.973
        },
        "http_req_blocked": {
            "max": 18306.236,
            "p(90)": 16732.168009999998,
            "p(95)": 16966.234549999997,
            "avg": 7749.875308230026,
            "min": 249.8663,
            "med": 4945.6951
        },
        "http_req_sending": {
            "p(95)": 3.0007,
            "avg": 27.451169399999966,
            "min": 0,
            "med": 0,
            "max": 11722.9337,
            "p(90)": 1.1676
        },
        "http_req_failed": {
            "passes": 9355,
            "fails": 645,
            "value": 0.9355
        },
        "http_req_duration{expected_response:true}": {
            "med": 16893.6944,
            "max": 52167.6285,
            "p(90)": 37829.97654,
            "p(95)": 40504.49831999999,
            "avg": 20571.451851007747,
            "min": 3428.4017
        },
        "http_req_tls_handshaking": {
            "avg": 4606.879510070014,
            "min": 0,
            "med": 3014.92265,
            "max": 16842.6599,
            "p(90)": 12277.289370000013,
            "p(95)": 14498.54728
        },
        "http_reqs": {
            "count": 10000,
            "rate": 118.33797901218429
        },
        "data_received": {
            "count": 46274552,
            "rate": 547603.696337423
        },
        "iteration_duration": {
            "max": 75860.4116,
            "p(90)": 65374.70743,
            "p(95)": 65681.19309,
            "avg": 59452.45568447015,
            "min": 7574.9149,
            "med": 62453.89235
        },
        "vus": {
            "value": 624,
            "min": 0,
            "max": 9601
        },
        "http_req_waiting": {
            "avg": 48775.7071607201,
            "min": 3202.6961,
            "med": 54826.24924999999,
            "max": 58595.5053,
            "p(90)": 55611.92776,
            "p(95)": 55653.578365
        },
        "checks": {
            "passes": 1070,
            "fails": 128930,
            "value": 0.00823076923076923
        },
        "iterations": {
            "count": 10000,
            "rate": 118.33797901218429
        },
        "http_req_duration": {
            "avg": 48804.475655380025,
            "min": 3428.4017,
            "med": 54826.24924999999,
            "max": 58613.2144,
            "p(90)": 55612.4089,
            "p(95)": 55654.5817
        },
        "http_req_receiving": {
            "min": 0,
            "med": 0,
            "max": 908.9282,
            "p(90)": 0,
            "p(95)": 0.9950249999999996,
            "avg": 1.3173252599999972
        },
        "vus_max": {
            "value": 10000,
            "min": 1537,
            "max": 10000
        },
        "data_sent": {
            "rate": 218148.49067830495,
            "count": 18434360
        }
    },
    "root_group": {
        "name": "",
        "path": "",
        "id": "d41d8cd98f00b204e9800998ecf8427e",
        "groups": {},
        "checks": {
                "200 OK": {
                    "path": "::200 OK",
                    "id": "e9654c443eff553da9e69eda7007924e",
                    "passes": 645,
                    "fails": 9355,
                    "name": "200 OK"
                },
                "201 Created": {
                    "path": "::201 Created",
                    "id": "728dcd977aae263ca314731145e1d447",
                    "passes": 0,
                    "fails": 10000,
                    "name": "201 Created"
                },
                "204 No Content": {
                    "name": "204 No Content",
                    "path": "::204 No Content",
                    "id": "54fa3c2eda34e1622fda2da5e0479fc5",
                    "passes": 0,
                    "fails": 10000
                },
                "400 Bad Request": {
                    "name": "400 Bad Request",
                    "path": "::400 Bad Request",
                    "id": "eeae81934b9b58bccaf0184a6d070338",
                    "passes": 36,
                    "fails": 9964
                },
                "401 Unauthorized": {
                    "fails": 10000,
                    "name": "401 Unauthorized",
                    "path": "::401 Unauthorized",
                    "id": "6ae9254e6aefe7f0bafe5102fa7e20a5",
                    "passes": 0
                },
                "403 Forbidden": {
                    "passes": 0,
                    "fails": 10000,
                    "name": "403 Forbidden",
                    "path": "::403 Forbidden",
                    "id": "655548b761742c5a7ad15aa7df3a5d9c"
                },
                "404 Not Found": {
                    "passes": 0,
                    "fails": 10000,
                    "name": "404 Not Found",
                    "path": "::404 Not Found",
                    "id": "df1528f9925ca236bac51008f77b774a"
                },
                "422 Unprocessable Content": {
                    "name": "422 Unprocessable Content",
                    "path": "::422 Unprocessable Content",
                    "id": "d94c37ab64a32602add978a71bd22822",
                    "passes": 0,
                    "fails": 10000
                },
                "429 Too Many Requests": {
                    "name": "429 Too Many Requests",
                    "path": "::429 Too Many Requests",
                    "id": "b810c35b9499cc7342fd415032e3a6aa",
                    "passes": 0,
                    "fails": 10000
                },
                "500 Internal Server Error": {
                    "id": "3cd96245b24e869810efe46d533b0eef",
                    "passes": 389,
                    "fails": 9611,
                    "name": "500 Internal Server Error",
                    "path": "::500 Internal Server Error"
                },
                "502 Bad Gateway": {
                    "name": "502 Bad Gateway",
                    "path": "::502 Bad Gateway",
                    "id": "712cb0ec189a11f31f0d6d0c0031b569",
                    "passes": 0,
                    "fails": 10000
                },
                "503 Service Unavailable": {
                    "name": "503 Service Unavailable",
                    "path": "::503 Service Unavailable",
                    "id": "f1ea1a22be0dc738c385523a66ea1cd9",
                    "passes": 0,
                    "fails": 10000
                },
                "504 Gateway Timeout": {
                    "fails": 10000,
                    "name": "504 Gateway Timeout",
                    "path": "::504 Gateway Timeout",
                    "id": "218efb729cb654723ccd57c6ebbebe29",
                    "passes": 0
                }
            }
    }
}