{
    "metrics": {
        "http_req_duration{expected_response:true}": {
            "max": 10042.6282,
            "p(90)": 1512.37244,
            "p(95)": 1565.0525949999997,
            "avg": 1346.6041251799961,
            "min": 6.4013,
            "med": 1323.0339
        },
        "http_req_blocked": {
            "p(95)": 12214.1525,
            "avg": 10877.48124815001,
            "min": 1354.4039,
            "med": 10786.181400000001,
            "max": 12460.9613,
            "p(90)": 11804.3842
        },
        "vus": {
            "value": 7620,
            "min": 0,
            "max": 10000
        },
        "http_req_duration": {
            "avg": 1346.6041251799961,
            "min": 6.4013,
            "med": 1323.0339,
            "max": 10042.6282,
            "p(90)": 1512.37244,
            "p(95)": 1565.0525949999997
        },
        "http_req_connecting": {
            "max": 9847.2958,
            "p(90)": 1718.0478,
            "p(95)": 9828.7202,
            "avg": 1630.8181577099922,
            "min": 475.2275,
            "med": 1026.28435
        },
        "http_req_sending": {
            "avg": 0.4275526600000013,
            "min": 0,
            "med": 0,
            "max": 45.0009,
            "p(90)": 1.0011,
            "p(95)": 1.018205
        },
        "checks": {
            "passes": 10000,
            "fails": 120000,
            "value": 0.07692307692307693
        },
        "iterations": {
            "count": 10000,
            "rate": 683.6348855928816
        },
        "http_req_tls_handshaking": {
            "avg": 9243.113829459999,
            "min": 17.7532,
            "med": 9751.6884,
            "max": 11180.2592,
            "p(90)": 10722.21502,
            "p(95)": 11094.28531
        },
        "http_req_failed": {
            "passes": 0,
            "fails": 10000,
            "value": 0
        },
        "data_sent": {
            "count": 6680000,
            "rate": 456668.1035760449
        },
        "http_req_waiting": {
            "avg": 1343.8387107399928,
            "min": 5.619,
            "med": 1321.0266499999998,
            "max": 10040.6251,
            "p(90)": 1509.3749,
            "p(95)": 1562.4207399999996
        },
        "iteration_duration": {
            "p(95)": 14343.67211,
            "avg": 13229.843268700028,
            "min": 2822.8997,
            "med": 13031.083900000001,
            "max": 14575.9786,
            "p(90)": 14078.2129
        },
        "data_received": {
            "count": 57348271,
            "rate": 3920527.8684034566
        },
        "http_req_receiving": {
            "avg": 2.3378617799999817,
            "min": 0,
            "med": 1.9953,
            "max": 77.003,
            "p(90)": 4.00361,
            "p(95)": 7.0012
        },
        "http_reqs": {
            "count": 10000,
            "rate": 683.6348855928816
        },
        "vus_max": {
            "value": 10000,
            "min": 1553,
            "max": 10000
        }
    },
    "root_group": {
        "name": "",
        "path": "",
        "id": "d41d8cd98f00b204e9800998ecf8427e",
        "groups": {},
        "checks": {
                "200 OK": {
                    "name": "200 OK",
                    "path": "::200 OK",
                    "id": "e9654c443eff553da9e69eda7007924e",
                    "passes": 10000,
                    "fails": 0
                },
                "201 Created": {
                    "passes": 0,
                    "fails": 10000,
                    "name": "201 Created",
                    "path": "::201 Created",
                    "id": "728dcd977aae263ca314731145e1d447"
                },
                "204 No Content": {
                    "id": "54fa3c2eda34e1622fda2da5e0479fc5",
                    "passes": 0,
                    "fails": 10000,
                    "name": "204 No Content",
                    "path": "::204 No Content"
                },
                "400 Bad Request": {
                    "fails": 10000,
                    "name": "400 Bad Request",
                    "path": "::400 Bad Request",
                    "id": "eeae81934b9b58bccaf0184a6d070338",
                    "passes": 0
                },
                "401 Unauthorized": {
                    "name": "401 Unauthorized",
                    "path": "::401 Unauthorized",
                    "id": "6ae9254e6aefe7f0bafe5102fa7e20a5",
                    "passes": 0,
                    "fails": 10000
                },
                "403 Forbidden": {
                    "name": "403 Forbidden",
                    "path": "::403 Forbidden",
                    "id": "655548b761742c5a7ad15aa7df3a5d9c",
                    "passes": 0,
                    "fails": 10000
                },
                "404 Not Found": {
                    "path": "::404 Not Found",
                    "id": "df1528f9925ca236bac51008f77b774a",
                    "passes": 0,
                    "fails": 10000,
                    "name": "404 Not Found"
                },
                "422 Unprocessable Content": {
                    "id": "d94c37ab64a32602add978a71bd22822",
                    "passes": 0,
                    "fails": 10000,
                    "name": "422 Unprocessable Content",
                    "path": "::422 Unprocessable Content"
                },
                "429 Too Many Requests": {
                    "name": "429 Too Many Requests",
                    "path": "::429 Too Many Requests",
                    "id": "b810c35b9499cc7342fd415032e3a6aa",
                    "passes": 0,
                    "fails": 10000
                },
                "500 Internal Server Error": {
                    "path": "::500 Internal Server Error",
                    "id": "3cd96245b24e869810efe46d533b0eef",
                    "passes": 0,
                    "fails": 10000,
                    "name": "500 Internal Server Error"
                },
                "502 Bad Gateway": {
                    "name": "502 Bad Gateway",
                    "path": "::502 Bad Gateway",
                    "id": "712cb0ec189a11f31f0d6d0c0031b569",
                    "passes": 0,
                    "fails": 10000
                },
                "503 Service Unavailable": {
                    "fails": 10000,
                    "name": "503 Service Unavailable",
                    "path": "::503 Service Unavailable",
                    "id": "f1ea1a22be0dc738c385523a66ea1cd9",
                    "passes": 0
                },
                "504 Gateway Timeout": {
                    "name": "504 Gateway Timeout",
                    "path": "::504 Gateway Timeout",
                    "id": "218efb729cb654723ccd57c6ebbebe29",
                    "passes": 0,
                    "fails": 10000
                }
            }
    }
}