{
    "metrics": {
        "vus": {
            "value": 6275,
            "min": 0,
            "max": 10000
        },
        "http_req_waiting": {
            "p(90)": 3061.86573,
            "p(95)": 3163.8589800000004,
            "avg": 1882.7696373799956,
            "min": 5.9879,
            "med": 1769.5225,
            "max": 3476.8689
        },
        "checks": {
            "passes": 10000,
            "fails": 120000,
            "value": 0.07692307692307693
        },
        "data_sent": {
            "rate": 407731.6119116276,
            "count": 6680000
        },
        "http_req_connecting": {
            "avg": 2687.2679730699742,
            "min": 926.8948,
            "med": 2428.0574,
            "max": 5574.2489,
            "p(90)": 4490.98093,
            "p(95)": 4503.8339
        },
        "http_req_tls_handshaking": {
            "avg": 2094.8451699800057,
            "min": 8.9955,
            "med": 1761.0077999999999,
            "max": 4815.3359,
            "p(90)": 3938.90796,
            "p(95)": 4397.389665
        },
        "http_req_receiving": {
            "min": 0,
            "med": 0,
            "max": 626.6697,
            "p(90)": 2.6160200000000895,
            "p(95)": 5.9995,
            "avg": 1.4621564099999984
        },
        "iteration_duration": {
            "max": 15619.479,
            "p(90)": 13967.393530000001,
            "p(95)": 14212.1556,
            "avg": 9231.504208069959,
            "min": 3404.7071,
            "med": 8640.3682
        },
        "http_req_blocked": {
            "max": 12160.3465,
            "p(90)": 9890.25769,
            "p(95)": 10062.0355,
            "avg": 6220.457868970007,
            "min": 2351.7052,
            "med": 5530.71435
        },
        "http_req_failed": {
            "passes": 0,
            "fails": 10000,
            "value": 0
        },
        "vus_max": {
            "value": 10000,
            "min": 1638,
            "max": 10000
        },
        "http_req_duration": {
            "avg": 1884.835671199998,
            "min": 5.9951,
            "med": 1775.3417,
            "max": 3478.8761,
            "p(90)": 3063.9543400000002,
            "p(95)": 3167.3460149999996
        },
        "data_received": {
            "count": 57339422,
            "rate": 3499864.5146917724
        },
        "http_reqs": {
            "rate": 610.3766645383647,
            "count": 10000
        },
        "http_req_sending": {
            "max": 410.5175,
            "p(90)": 1.0008,
            "p(95)": 1.1069,
            "avg": 0.6038774099999981,
            "min": 0,
            "med": 0
        },
        "http_req_duration{expected_response:true}": {
            "max": 3478.8761,
            "p(90)": 3063.9543400000002,
            "p(95)": 3167.3460149999996,
            "avg": 1884.835671199998,
            "min": 5.9951,
            "med": 1775.3417
        },
        "iterations": {
            "count": 10000,
            "rate": 610.3766645383647
        }
    },
    "root_group": {
        "groups": {},
        "checks": {
                "200 OK": {
                    "name": "200 OK",
                    "path": "::200 OK",
                    "id": "e9654c443eff553da9e69eda7007924e",
                    "passes": 10000,
                    "fails": 0
                },
                "201 Created": {
                    "id": "728dcd977aae263ca314731145e1d447",
                    "passes": 0,
                    "fails": 10000,
                    "name": "201 Created",
                    "path": "::201 Created"
                },
                "204 No Content": {
                    "name": "204 No Content",
                    "path": "::204 No Content",
                    "id": "54fa3c2eda34e1622fda2da5e0479fc5",
                    "passes": 0,
                    "fails": 10000
                },
                "400 Bad Request": {
                    "name": "400 Bad Request",
                    "path": "::400 Bad Request",
                    "id": "eeae81934b9b58bccaf0184a6d070338",
                    "passes": 0,
                    "fails": 10000
                },
                "401 Unauthorized": {
                    "id": "6ae9254e6aefe7f0bafe5102fa7e20a5",
                    "passes": 0,
                    "fails": 10000,
                    "name": "401 Unauthorized",
                    "path": "::401 Unauthorized"
                },
                "403 Forbidden": {
                    "path": "::403 Forbidden",
                    "id": "655548b761742c5a7ad15aa7df3a5d9c",
                    "passes": 0,
                    "fails": 10000,
                    "name": "403 Forbidden"
                },
                "404 Not Found": {
                    "name": "404 Not Found",
                    "path": "::404 Not Found",
                    "id": "df1528f9925ca236bac51008f77b774a",
                    "passes": 0,
                    "fails": 10000
                },
                "422 Unprocessable Content": {
                    "path": "::422 Unprocessable Content",
                    "id": "d94c37ab64a32602add978a71bd22822",
                    "passes": 0,
                    "fails": 10000,
                    "name": "422 Unprocessable Content"
                },
                "429 Too Many Requests": {
                    "name": "429 Too Many Requests",
                    "path": "::429 Too Many Requests",
                    "id": "b810c35b9499cc7342fd415032e3a6aa",
                    "passes": 0,
                    "fails": 10000
                },
                "500 Internal Server Error": {
                    "id": "3cd96245b24e869810efe46d533b0eef",
                    "passes": 0,
                    "fails": 10000,
                    "name": "500 Internal Server Error",
                    "path": "::500 Internal Server Error"
                },
                "502 Bad Gateway": {
                    "path": "::502 Bad Gateway",
                    "id": "712cb0ec189a11f31f0d6d0c0031b569",
                    "passes": 0,
                    "fails": 10000,
                    "name": "502 Bad Gateway"
                },
                "503 Service Unavailable": {
                    "id": "f1ea1a22be0dc738c385523a66ea1cd9",
                    "passes": 0,
                    "fails": 10000,
                    "name": "503 Service Unavailable",
                    "path": "::503 Service Unavailable"
                },
                "504 Gateway Timeout": {
                    "fails": 10000,
                    "name": "504 Gateway Timeout",
                    "path": "::504 Gateway Timeout",
                    "id": "218efb729cb654723ccd57c6ebbebe29",
                    "passes": 0
                }
            },
        "name": "",
        "path": "",
        "id": "d41d8cd98f00b204e9800998ecf8427e"
    }
}