{
    "metrics": {
        "http_req_duration": {
            "avg": 81.1278,
            "min": 81.1278,
            "med": 81.1278,
            "max": 81.1278,
            "p(90)": 81.1278,
            "p(95)": 81.1278
        },
        "http_req_receiving": {
            "avg": 0,
            "min": 0,
            "med": 0,
            "max": 0,
            "p(90)": 0,
            "p(95)": 0
        },
        "http_req_failed": {
            "passes": 0,
            "fails": 1,
            "value": 0
        },
        "iterations": {
            "rate": 0.9149883416760445,
            "count": 1
        },
        "http_req_tls_handshaking": {
            "max": 4.212,
            "p(90)": 4.212,
            "p(95)": 4.212,
            "avg": 4.212,
            "min": 4.212,
            "med": 4.212
        },
        "vus_max": {
            "value": 1,
            "min": 1,
            "max": 1
        },
        "http_req_duration{expected_response:true}": {
            "max": 81.1278,
            "p(90)": 81.1278,
            "p(95)": 81.1278,
            "avg": 81.1278,
            "min": 81.1278,
            "med": 81.1278
        },
        "vus": {
            "value": 1,
            "min": 1,
            "max": 1
        },
        "iteration_duration": {
            "med": 1092.8993,
            "max": 1092.8993,
            "p(90)": 1092.8993,
            "p(95)": 1092.8993,
            "avg": 1092.8993,
            "min": 1092.8993
        },
        "http_reqs": {
            "count": 1,
            "rate": 0.9149883416760445
        },
        "data_sent": {
            "count": 770,
            "rate": 704.5410230905542
        },
        "http_req_blocked": {
            "p(90)": 10.3223,
            "p(95)": 10.3223,
            "avg": 10.3223,
            "min": 10.3223,
            "med": 10.3223,
            "max": 10.3223
        },
        "checks": {
            "passes": 1,
            "fails": 12,
            "value": 0.07692307692307693
        },
        "http_req_sending": {
            "avg": 0.5367,
            "min": 0.5367,
            "med": 0.5367,
            "max": 0.5367,
            "p(90)": 0.5367,
            "p(95)": 0.5367
        },
        "http_req_waiting": {
            "med": 80.5911,
            "max": 80.5911,
            "p(90)": 80.5911,
            "p(95)": 80.5911,
            "avg": 80.5911,
            "min": 80.5911
        },
        "data_received": {
            "count": 8195,
            "rate": 7498.329460035185
        },
        "http_req_connecting": {
            "p(90)": 3.719,
            "p(95)": 3.719,
            "avg": 3.719,
            "min": 3.719,
            "med": 3.719,
            "max": 3.719
        }
    },
    "root_group": {
        "groups": {},
        "checks": {
                "200 OK": {
                    "name": "200 OK",
                    "path": "::200 OK",
                    "id": "e9654c443eff553da9e69eda7007924e",
                    "passes": 1,
                    "fails": 0
                },
                "201 Created": {
                    "name": "201 Created",
                    "path": "::201 Created",
                    "id": "728dcd977aae263ca314731145e1d447",
                    "passes": 0,
                    "fails": 1
                },
                "204 No Content": {
                    "fails": 1,
                    "name": "204 No Content",
                    "path": "::204 No Content",
                    "id": "54fa3c2eda34e1622fda2da5e0479fc5",
                    "passes": 0
                },
                "400 Bad Request": {
                    "name": "400 Bad Request",
                    "path": "::400 Bad Request",
                    "id": "eeae81934b9b58bccaf0184a6d070338",
                    "passes": 0,
                    "fails": 1
                },
                "401 Unauthorized": {
                    "name": "401 Unauthorized",
                    "path": "::401 Unauthorized",
                    "id": "6ae9254e6aefe7f0bafe5102fa7e20a5",
                    "passes": 0,
                    "fails": 1
                },
                "403 Forbidden": {
                    "path": "::403 Forbidden",
                    "id": "655548b761742c5a7ad15aa7df3a5d9c",
                    "passes": 0,
                    "fails": 1,
                    "name": "403 Forbidden"
                },
                "404 Not Found": {
                    "path": "::404 Not Found",
                    "id": "df1528f9925ca236bac51008f77b774a",
                    "passes": 0,
                    "fails": 1,
                    "name": "404 Not Found"
                },
                "422 Unprocessable Content": {
                    "fails": 1,
                    "name": "422 Unprocessable Content",
                    "path": "::422 Unprocessable Content",
                    "id": "d94c37ab64a32602add978a71bd22822",
                    "passes": 0
                },
                "429 Too Many Requests": {
                    "id": "b810c35b9499cc7342fd415032e3a6aa",
                    "passes": 0,
                    "fails": 1,
                    "name": "429 Too Many Requests",
                    "path": "::429 Too Many Requests"
                },
                "500 Internal Server Error": {
                    "name": "500 Internal Server Error",
                    "path": "::500 Internal Server Error",
                    "id": "3cd96245b24e869810efe46d533b0eef",
                    "passes": 0,
                    "fails": 1
                },
                "502 Bad Gateway": {
                    "fails": 1,
                    "name": "502 Bad Gateway",
                    "path": "::502 Bad Gateway",
                    "id": "712cb0ec189a11f31f0d6d0c0031b569",
                    "passes": 0
                },
                "503 Service Unavailable": {
                    "name": "503 Service Unavailable",
                    "path": "::503 Service Unavailable",
                    "id": "f1ea1a22be0dc738c385523a66ea1cd9",
                    "passes": 0,
                    "fails": 1
                },
                "504 Gateway Timeout": {
                    "path": "::504 Gateway Timeout",
                    "id": "218efb729cb654723ccd57c6ebbebe29",
                    "passes": 0,
                    "fails": 1,
                    "name": "504 Gateway Timeout"
                }
            },
        "name": "",
        "path": "",
        "id": "d41d8cd98f00b204e9800998ecf8427e"
    }
}