{
    "metrics": {
        "vus_max": {
            "value": 1,
            "min": 1,
            "max": 1
        },
        "http_req_failed": {
            "passes": 0,
            "fails": 1,
            "value": 0
        },
        "vus": {
            "value": 1,
            "min": 1,
            "max": 1
        },
        "http_req_connecting": {
            "p(90)": 3.6998,
            "p(95)": 3.6998,
            "avg": 3.6998,
            "min": 3.6998,
            "med": 3.6998,
            "max": 3.6998
        },
        "http_req_sending": {
            "avg": 0.5273,
            "min": 0.5273,
            "med": 0.5273,
            "max": 0.5273,
            "p(90)": 0.5273,
            "p(95)": 0.5273
        },
        "http_req_tls_handshaking": {
            "p(95)": 4.1899,
            "avg": 4.1899,
            "min": 4.1899,
            "med": 4.1899,
            "max": 4.1899,
            "p(90)": 4.1899
        },
        "http_req_receiving": {
            "avg": 0,
            "min": 0,
            "med": 0,
            "max": 0,
            "p(90)": 0,
            "p(95)": 0
        },
        "data_received": {
            "rate": 4936.679302691364,
            "count": 5057
        },
        "http_req_duration": {
            "p(95)": 14.7784,
            "avg": 14.7784,
            "min": 14.7784,
            "med": 14.7784,
            "max": 14.7784,
            "p(90)": 14.7784
        },
        "http_req_blocked": {
            "min": 9.3514,
            "med": 9.3514,
            "max": 9.3514,
            "p(90)": 9.3514,
            "p(95)": 9.3514,
            "avg": 9.3514
        },
        "checks": {
            "passes": 1,
            "fails": 12,
            "value": 0.07692307692307693
        },
        "data_sent": {
            "count": 1845,
            "rate": 1801.1020987671675
        },
        "http_reqs": {
            "count": 1,
            "rate": 0.9762070996028007
        },
        "iterations": {
            "rate": 0.9762070996028007,
            "count": 1
        },
        "http_req_duration{expected_response:true}": {
            "avg": 14.7784,
            "min": 14.7784,
            "med": 14.7784,
            "max": 14.7784,
            "p(90)": 14.7784,
            "p(95)": 14.7784
        },
        "iteration_duration": {
            "p(90)": 1024.362,
            "p(95)": 1024.362,
            "avg": 1024.362,
            "min": 1024.362,
            "med": 1024.362,
            "max": 1024.362
        },
        "http_req_waiting": {
            "avg": 14.2511,
            "min": 14.2511,
            "med": 14.2511,
            "max": 14.2511,
            "p(90)": 14.2511,
            "p(95)": 14.2511
        }
    },
    "root_group": {
        "id": "d41d8cd98f00b204e9800998ecf8427e",
        "groups": {},
        "checks": {
                "200 OK": {
                    "name": "200 OK",
                    "path": "::200 OK",
                    "id": "e9654c443eff553da9e69eda7007924e",
                    "passes": 1,
                    "fails": 0
                },
                "201 Created": {
                    "name": "201 Created",
                    "path": "::201 Created",
                    "id": "728dcd977aae263ca314731145e1d447",
                    "passes": 0,
                    "fails": 1
                },
                "204 No Content": {
                    "id": "54fa3c2eda34e1622fda2da5e0479fc5",
                    "passes": 0,
                    "fails": 1,
                    "name": "204 No Content",
                    "path": "::204 No Content"
                },
                "400 Bad Request": {
                    "name": "400 Bad Request",
                    "path": "::400 Bad Request",
                    "id": "eeae81934b9b58bccaf0184a6d070338",
                    "passes": 0,
                    "fails": 1
                },
                "401 Unauthorized": {
                    "name": "401 Unauthorized",
                    "path": "::401 Unauthorized",
                    "id": "6ae9254e6aefe7f0bafe5102fa7e20a5",
                    "passes": 0,
                    "fails": 1
                },
                "403 Forbidden": {
                    "id": "655548b761742c5a7ad15aa7df3a5d9c",
                    "passes": 0,
                    "fails": 1,
                    "name": "403 Forbidden",
                    "path": "::403 Forbidden"
                },
                "404 Not Found": {
                    "passes": 0,
                    "fails": 1,
                    "name": "404 Not Found",
                    "path": "::404 Not Found",
                    "id": "df1528f9925ca236bac51008f77b774a"
                },
                "422 Unprocessable Content": {
                    "name": "422 Unprocessable Content",
                    "path": "::422 Unprocessable Content",
                    "id": "d94c37ab64a32602add978a71bd22822",
                    "passes": 0,
                    "fails": 1
                },
                "429 Too Many Requests": {
                    "id": "b810c35b9499cc7342fd415032e3a6aa",
                    "passes": 0,
                    "fails": 1,
                    "name": "429 Too Many Requests",
                    "path": "::429 Too Many Requests"
                },
                "500 Internal Server Error": {
                    "name": "500 Internal Server Error",
                    "path": "::500 Internal Server Error",
                    "id": "3cd96245b24e869810efe46d533b0eef",
                    "passes": 0,
                    "fails": 1
                },
                "502 Bad Gateway": {
                    "name": "502 Bad Gateway",
                    "path": "::502 Bad Gateway",
                    "id": "712cb0ec189a11f31f0d6d0c0031b569",
                    "passes": 0,
                    "fails": 1
                },
                "503 Service Unavailable": {
                    "name": "503 Service Unavailable",
                    "path": "::503 Service Unavailable",
                    "id": "f1ea1a22be0dc738c385523a66ea1cd9",
                    "passes": 0,
                    "fails": 1
                },
                "504 Gateway Timeout": {
                    "fails": 1,
                    "name": "504 Gateway Timeout",
                    "path": "::504 Gateway Timeout",
                    "id": "218efb729cb654723ccd57c6ebbebe29",
                    "passes": 0
                }
            },
        "name": "",
        "path": ""
    }
}